src,dst,type,type_name
/rmf_lift_supervisor,None,topic,/lift_requests
/rmf_traffic_schedule_node,/deliveryRobot_fleet_adapter,topic,/rmf_traffic/query_update_1
/rmf_traffic_schedule_node,/caddy_fleet_adapter,topic,/rmf_traffic/query_update_1
/deliveryRobot_fleet_adapter,/teleport_dispenser,topic,/dispenser_requests
/_ros2cli_daemon_0,None,topic,/rosout
/rmf_traffic_schedule_node,None,topic,/rosout
/rmf_traffic_blockade_node,None,topic,/rosout
/door_supervisor,None,topic,/rosout
/rmf_lift_supervisor,None,topic,/rosout
/tinyRobot_state_aggregator,None,topic,/rosout
/deliveryRobot_fleet_adapter,None,topic,/rosout
/caddy_fleet_adapter,None,topic,/rosout
/cleanerBotE_state_aggregator,None,topic,/rosout
/building_systems_visualizer,None,topic,/rosout
/mock_docker,None,topic,/rosout
/building_map_server,None,topic,/rosout
/fleet_state_visualizer,None,topic,/rosout
/gazebo,None,topic,/rosout
/api_client,None,topic,/rosout
/teleport_dispenser,None,topic,/rosout
/teleport_ingestor,None,topic,/rosout
/readonly,None,topic,/rosout
/caddy_diff_controller,None,topic,/rosout
/slotcar,None,topic,/rosout
/door,None,topic,/rosout
/toggle_floors,None,topic,/rosout
/task_requester,None,topic,/rosout
/deliveryRobot_fleet_adapter,/door_supervisor,topic,/adapter_door_requests
/deliveryRobot_fleet_adapter,/rmf_traffic_blockade_node,topic,/rmf_traffic/blockade_set
/deliveryRobot_fleet_adapter,/rmf_traffic_schedule_node,topic,/rmf_traffic/itinerary_set
/caddy_fleet_adapter,/rmf_traffic_schedule_node,topic,/rmf_traffic/itinerary_set
/rmf_traffic_schedule_node,/deliveryRobot_fleet_adapter,topic,/rmf_traffic/negotiation_notice
/rmf_traffic_schedule_node,/caddy_fleet_adapter,topic,/rmf_traffic/negotiation_notice
/deliveryRobot_fleet_adapter,/deliveryRobot_fleet_adapter,topic,/rmf_traffic/negotiation_notice
/deliveryRobot_fleet_adapter,/caddy_fleet_adapter,topic,/rmf_traffic/negotiation_notice
/caddy_fleet_adapter,/deliveryRobot_fleet_adapter,topic,/rmf_traffic/negotiation_notice
/caddy_fleet_adapter,/caddy_fleet_adapter,topic,/rmf_traffic/negotiation_notice
/deliveryRobot_fleet_adapter,/rmf_traffic_schedule_node,topic,/rmf_traffic/negotiation_forfeit
/deliveryRobot_fleet_adapter,/deliveryRobot_fleet_adapter,topic,/rmf_traffic/negotiation_forfeit
/deliveryRobot_fleet_adapter,/caddy_fleet_adapter,topic,/rmf_traffic/negotiation_forfeit
/caddy_fleet_adapter,/rmf_traffic_schedule_node,topic,/rmf_traffic/negotiation_forfeit
/caddy_fleet_adapter,/deliveryRobot_fleet_adapter,topic,/rmf_traffic/negotiation_forfeit
/caddy_fleet_adapter,/caddy_fleet_adapter,topic,/rmf_traffic/negotiation_forfeit
/gazebo,/rmf_traffic_schedule_node,topic,/clock
/gazebo,/rmf_traffic_blockade_node,topic,/clock
/gazebo,/tinyRobot_state_aggregator,topic,/clock
/gazebo,/deliveryRobot_fleet_adapter,topic,/clock
/gazebo,/caddy_fleet_adapter,topic,/clock
/gazebo,/cleanerBotE_state_aggregator,topic,/clock
/gazebo,/building_systems_visualizer,topic,/clock
/gazebo,/mock_docker,topic,/clock
/gazebo,/fleet_state_visualizer,topic,/clock
/gazebo,/gazebo,topic,/clock
/gazebo,/api_client,topic,/clock
/gazebo,/teleport_dispenser,topic,/clock
/gazebo,/teleport_ingestor,topic,/clock
/gazebo,/readonly,topic,/clock
/gazebo,/caddy_diff_controller,topic,/clock
/gazebo,/slotcar,topic,/clock
/gazebo,/door,topic,/clock
/gazebo,/toggle_floors,topic,/clock
/gazebo,/task_requester,topic,/clock
/teleport_ingestor,None,topic,/ingestor_states
/teleport_ingestor,None,topic,/ingestor_results
None,/slotcar,topic,/robot_pause_requests
/teleport_dispenser,None,topic,/dispenser_results
/_ros2cli_daemon_0,/rmf_traffic_schedule_node,topic,/parameter_events
/_ros2cli_daemon_0,/rmf_traffic_blockade_node,topic,/parameter_events
/_ros2cli_daemon_0,/door_supervisor,topic,/parameter_events
/_ros2cli_daemon_0,/rmf_lift_supervisor,topic,/parameter_events
/_ros2cli_daemon_0,/tinyRobot_state_aggregator,topic,/parameter_events
/_ros2cli_daemon_0,/deliveryRobot_fleet_adapter,topic,/parameter_events
/_ros2cli_daemon_0,/caddy_fleet_adapter,topic,/parameter_events
/_ros2cli_daemon_0,/cleanerBotE_state_aggregator,topic,/parameter_events
/_ros2cli_daemon_0,/gazebo,topic,/parameter_events
/_ros2cli_daemon_0,/teleport_dispenser,topic,/parameter_events
/_ros2cli_daemon_0,/teleport_ingestor,topic,/parameter_events
/_ros2cli_daemon_0,/readonly,topic,/parameter_events
/_ros2cli_daemon_0,/caddy_diff_controller,topic,/parameter_events
/_ros2cli_daemon_0,/slotcar,topic,/parameter_events
/_ros2cli_daemon_0,/door,topic,/parameter_events
/_ros2cli_daemon_0,/toggle_floors,topic,/parameter_events
/rmf_traffic_schedule_node,/rmf_traffic_schedule_node,topic,/parameter_events
/rmf_traffic_schedule_node,/rmf_traffic_blockade_node,topic,/parameter_events
/rmf_traffic_schedule_node,/door_supervisor,topic,/parameter_events
/rmf_traffic_schedule_node,/rmf_lift_supervisor,topic,/parameter_events
/rmf_traffic_schedule_node,/tinyRobot_state_aggregator,topic,/parameter_events
/rmf_traffic_schedule_node,/deliveryRobot_fleet_adapter,topic,/parameter_events
/rmf_traffic_schedule_node,/caddy_fleet_adapter,topic,/parameter_events
/rmf_traffic_schedule_node,/cleanerBotE_state_aggregator,topic,/parameter_events
/rmf_traffic_schedule_node,/gazebo,topic,/parameter_events
/rmf_traffic_schedule_node,/teleport_dispenser,topic,/parameter_events
/rmf_traffic_schedule_node,/teleport_ingestor,topic,/parameter_events
/rmf_traffic_schedule_node,/readonly,topic,/parameter_events
/rmf_traffic_schedule_node,/caddy_diff_controller,topic,/parameter_events
/rmf_traffic_schedule_node,/slotcar,topic,/parameter_events
/rmf_traffic_schedule_node,/door,topic,/parameter_events
/rmf_traffic_schedule_node,/toggle_floors,topic,/parameter_events
/rmf_traffic_blockade_node,/rmf_traffic_schedule_node,topic,/parameter_events
/rmf_traffic_blockade_node,/rmf_traffic_blockade_node,topic,/parameter_events
/rmf_traffic_blockade_node,/door_supervisor,topic,/parameter_events
/rmf_traffic_blockade_node,/rmf_lift_supervisor,topic,/parameter_events
/rmf_traffic_blockade_node,/tinyRobot_state_aggregator,topic,/parameter_events
/rmf_traffic_blockade_node,/deliveryRobot_fleet_adapter,topic,/parameter_events
/rmf_traffic_blockade_node,/caddy_fleet_adapter,topic,/parameter_events
/rmf_traffic_blockade_node,/cleanerBotE_state_aggregator,topic,/parameter_events
/rmf_traffic_blockade_node,/gazebo,topic,/parameter_events
/rmf_traffic_blockade_node,/teleport_dispenser,topic,/parameter_events
/rmf_traffic_blockade_node,/teleport_ingestor,topic,/parameter_events
/rmf_traffic_blockade_node,/readonly,topic,/parameter_events
/rmf_traffic_blockade_node,/caddy_diff_controller,topic,/parameter_events
/rmf_traffic_blockade_node,/slotcar,topic,/parameter_events
/rmf_traffic_blockade_node,/door,topic,/parameter_events
/rmf_traffic_blockade_node,/toggle_floors,topic,/parameter_events
/door_supervisor,/rmf_traffic_schedule_node,topic,/parameter_events
/door_supervisor,/rmf_traffic_blockade_node,topic,/parameter_events
/door_supervisor,/door_supervisor,topic,/parameter_events
/door_supervisor,/rmf_lift_supervisor,topic,/parameter_events
/door_supervisor,/tinyRobot_state_aggregator,topic,/parameter_events
/door_supervisor,/deliveryRobot_fleet_adapter,topic,/parameter_events
/door_supervisor,/caddy_fleet_adapter,topic,/parameter_events
/door_supervisor,/cleanerBotE_state_aggregator,topic,/parameter_events
/door_supervisor,/gazebo,topic,/parameter_events
/door_supervisor,/teleport_dispenser,topic,/parameter_events
/door_supervisor,/teleport_ingestor,topic,/parameter_events
/door_supervisor,/readonly,topic,/parameter_events
/door_supervisor,/caddy_diff_controller,topic,/parameter_events
/door_supervisor,/slotcar,topic,/parameter_events
/door_supervisor,/door,topic,/parameter_events
/door_supervisor,/toggle_floors,topic,/parameter_events
/rmf_lift_supervisor,/rmf_traffic_schedule_node,topic,/parameter_events
/rmf_lift_supervisor,/rmf_traffic_blockade_node,topic,/parameter_events
/rmf_lift_supervisor,/door_supervisor,topic,/parameter_events
/rmf_lift_supervisor,/rmf_lift_supervisor,topic,/parameter_events
/rmf_lift_supervisor,/tinyRobot_state_aggregator,topic,/parameter_events
/rmf_lift_supervisor,/deliveryRobot_fleet_adapter,topic,/parameter_events
/rmf_lift_supervisor,/caddy_fleet_adapter,topic,/parameter_events
/rmf_lift_supervisor,/cleanerBotE_state_aggregator,topic,/parameter_events
/rmf_lift_supervisor,/gazebo,topic,/parameter_events
/rmf_lift_supervisor,/teleport_dispenser,topic,/parameter_events
/rmf_lift_supervisor,/teleport_ingestor,topic,/parameter_events
/rmf_lift_supervisor,/readonly,topic,/parameter_events
/rmf_lift_supervisor,/caddy_diff_controller,topic,/parameter_events
/rmf_lift_supervisor,/slotcar,topic,/parameter_events
/rmf_lift_supervisor,/door,topic,/parameter_events
/rmf_lift_supervisor,/toggle_floors,topic,/parameter_events
/tinyRobot_state_aggregator,/rmf_traffic_schedule_node,topic,/parameter_events
/tinyRobot_state_aggregator,/rmf_traffic_blockade_node,topic,/parameter_events
/tinyRobot_state_aggregator,/door_supervisor,topic,/parameter_events
/tinyRobot_state_aggregator,/rmf_lift_supervisor,topic,/parameter_events
/tinyRobot_state_aggregator,/tinyRobot_state_aggregator,topic,/parameter_events
/tinyRobot_state_aggregator,/deliveryRobot_fleet_adapter,topic,/parameter_events
/tinyRobot_state_aggregator,/caddy_fleet_adapter,topic,/parameter_events
/tinyRobot_state_aggregator,/cleanerBotE_state_aggregator,topic,/parameter_events
/tinyRobot_state_aggregator,/gazebo,topic,/parameter_events
/tinyRobot_state_aggregator,/teleport_dispenser,topic,/parameter_events
/tinyRobot_state_aggregator,/teleport_ingestor,topic,/parameter_events
/tinyRobot_state_aggregator,/readonly,topic,/parameter_events
/tinyRobot_state_aggregator,/caddy_diff_controller,topic,/parameter_events
/tinyRobot_state_aggregator,/slotcar,topic,/parameter_events
/tinyRobot_state_aggregator,/door,topic,/parameter_events
/tinyRobot_state_aggregator,/toggle_floors,topic,/parameter_events
/deliveryRobot_fleet_adapter,/rmf_traffic_schedule_node,topic,/parameter_events
/deliveryRobot_fleet_adapter,/rmf_traffic_blockade_node,topic,/parameter_events
/deliveryRobot_fleet_adapter,/door_supervisor,topic,/parameter_events
/deliveryRobot_fleet_adapter,/rmf_lift_supervisor,topic,/parameter_events
/deliveryRobot_fleet_adapter,/tinyRobot_state_aggregator,topic,/parameter_events
/deliveryRobot_fleet_adapter,/deliveryRobot_fleet_adapter,topic,/parameter_events
/deliveryRobot_fleet_adapter,/caddy_fleet_adapter,topic,/parameter_events
/deliveryRobot_fleet_adapter,/cleanerBotE_state_aggregator,topic,/parameter_events
/deliveryRobot_fleet_adapter,/gazebo,topic,/parameter_events
/deliveryRobot_fleet_adapter,/teleport_dispenser,topic,/parameter_events
/deliveryRobot_fleet_adapter,/teleport_ingestor,topic,/parameter_events
/deliveryRobot_fleet_adapter,/readonly,topic,/parameter_events
/deliveryRobot_fleet_adapter,/caddy_diff_controller,topic,/parameter_events
/deliveryRobot_fleet_adapter,/slotcar,topic,/parameter_events
/deliveryRobot_fleet_adapter,/door,topic,/parameter_events
/deliveryRobot_fleet_adapter,/toggle_floors,topic,/parameter_events
/caddy_fleet_adapter,/rmf_traffic_schedule_node,topic,/parameter_events
/caddy_fleet_adapter,/rmf_traffic_blockade_node,topic,/parameter_events
/caddy_fleet_adapter,/door_supervisor,topic,/parameter_events
/caddy_fleet_adapter,/rmf_lift_supervisor,topic,/parameter_events
/caddy_fleet_adapter,/tinyRobot_state_aggregator,topic,/parameter_events
/caddy_fleet_adapter,/deliveryRobot_fleet_adapter,topic,/parameter_events
/caddy_fleet_adapter,/caddy_fleet_adapter,topic,/parameter_events
/caddy_fleet_adapter,/cleanerBotE_state_aggregator,topic,/parameter_events
/caddy_fleet_adapter,/gazebo,topic,/parameter_events
/caddy_fleet_adapter,/teleport_dispenser,topic,/parameter_events
/caddy_fleet_adapter,/teleport_ingestor,topic,/parameter_events
/caddy_fleet_adapter,/readonly,topic,/parameter_events
/caddy_fleet_adapter,/caddy_diff_controller,topic,/parameter_events
/caddy_fleet_adapter,/slotcar,topic,/parameter_events
/caddy_fleet_adapter,/door,topic,/parameter_events
/caddy_fleet_adapter,/toggle_floors,topic,/parameter_events
/cleanerBotE_state_aggregator,/rmf_traffic_schedule_node,topic,/parameter_events
/cleanerBotE_state_aggregator,/rmf_traffic_blockade_node,topic,/parameter_events
/cleanerBotE_state_aggregator,/door_supervisor,topic,/parameter_events
/cleanerBotE_state_aggregator,/rmf_lift_supervisor,topic,/parameter_events
/cleanerBotE_state_aggregator,/tinyRobot_state_aggregator,topic,/parameter_events
/cleanerBotE_state_aggregator,/deliveryRobot_fleet_adapter,topic,/parameter_events
/cleanerBotE_state_aggregator,/caddy_fleet_adapter,topic,/parameter_events
/cleanerBotE_state_aggregator,/cleanerBotE_state_aggregator,topic,/parameter_events
/cleanerBotE_state_aggregator,/gazebo,topic,/parameter_events
/cleanerBotE_state_aggregator,/teleport_dispenser,topic,/parameter_events
/cleanerBotE_state_aggregator,/teleport_ingestor,topic,/parameter_events
/cleanerBotE_state_aggregator,/readonly,topic,/parameter_events
/cleanerBotE_state_aggregator,/caddy_diff_controller,topic,/parameter_events
/cleanerBotE_state_aggregator,/slotcar,topic,/parameter_events
/cleanerBotE_state_aggregator,/door,topic,/parameter_events
/cleanerBotE_state_aggregator,/toggle_floors,topic,/parameter_events
/building_systems_visualizer,/rmf_traffic_schedule_node,topic,/parameter_events
/building_systems_visualizer,/rmf_traffic_blockade_node,topic,/parameter_events
/building_systems_visualizer,/door_supervisor,topic,/parameter_events
/building_systems_visualizer,/rmf_lift_supervisor,topic,/parameter_events
/building_systems_visualizer,/tinyRobot_state_aggregator,topic,/parameter_events
/building_systems_visualizer,/deliveryRobot_fleet_adapter,topic,/parameter_events
/building_systems_visualizer,/caddy_fleet_adapter,topic,/parameter_events
/building_systems_visualizer,/cleanerBotE_state_aggregator,topic,/parameter_events
/building_systems_visualizer,/gazebo,topic,/parameter_events
/building_systems_visualizer,/teleport_dispenser,topic,/parameter_events
/building_systems_visualizer,/teleport_ingestor,topic,/parameter_events
/building_systems_visualizer,/readonly,topic,/parameter_events
/building_systems_visualizer,/caddy_diff_controller,topic,/parameter_events
/building_systems_visualizer,/slotcar,topic,/parameter_events
/building_systems_visualizer,/door,topic,/parameter_events
/building_systems_visualizer,/toggle_floors,topic,/parameter_events
/mock_docker,/rmf_traffic_schedule_node,topic,/parameter_events
/mock_docker,/rmf_traffic_blockade_node,topic,/parameter_events
/mock_docker,/door_supervisor,topic,/parameter_events
/mock_docker,/rmf_lift_supervisor,topic,/parameter_events
/mock_docker,/tinyRobot_state_aggregator,topic,/parameter_events
/mock_docker,/deliveryRobot_fleet_adapter,topic,/parameter_events
/mock_docker,/caddy_fleet_adapter,topic,/parameter_events
/mock_docker,/cleanerBotE_state_aggregator,topic,/parameter_events
/mock_docker,/gazebo,topic,/parameter_events
/mock_docker,/teleport_dispenser,topic,/parameter_events
/mock_docker,/teleport_ingestor,topic,/parameter_events
/mock_docker,/readonly,topic,/parameter_events
/mock_docker,/caddy_diff_controller,topic,/parameter_events
/mock_docker,/slotcar,topic,/parameter_events
/mock_docker,/door,topic,/parameter_events
/mock_docker,/toggle_floors,topic,/parameter_events
/building_map_server,/rmf_traffic_schedule_node,topic,/parameter_events
/building_map_server,/rmf_traffic_blockade_node,topic,/parameter_events
/building_map_server,/door_supervisor,topic,/parameter_events
/building_map_server,/rmf_lift_supervisor,topic,/parameter_events
/building_map_server,/tinyRobot_state_aggregator,topic,/parameter_events
/building_map_server,/deliveryRobot_fleet_adapter,topic,/parameter_events
/building_map_server,/caddy_fleet_adapter,topic,/parameter_events
/building_map_server,/cleanerBotE_state_aggregator,topic,/parameter_events
/building_map_server,/gazebo,topic,/parameter_events
/building_map_server,/teleport_dispenser,topic,/parameter_events
/building_map_server,/teleport_ingestor,topic,/parameter_events
/building_map_server,/readonly,topic,/parameter_events
/building_map_server,/caddy_diff_controller,topic,/parameter_events
/building_map_server,/slotcar,topic,/parameter_events
/building_map_server,/door,topic,/parameter_events
/building_map_server,/toggle_floors,topic,/parameter_events
/fleet_state_visualizer,/rmf_traffic_schedule_node,topic,/parameter_events
/fleet_state_visualizer,/rmf_traffic_blockade_node,topic,/parameter_events
/fleet_state_visualizer,/door_supervisor,topic,/parameter_events
/fleet_state_visualizer,/rmf_lift_supervisor,topic,/parameter_events
/fleet_state_visualizer,/tinyRobot_state_aggregator,topic,/parameter_events
/fleet_state_visualizer,/deliveryRobot_fleet_adapter,topic,/parameter_events
/fleet_state_visualizer,/caddy_fleet_adapter,topic,/parameter_events
/fleet_state_visualizer,/cleanerBotE_state_aggregator,topic,/parameter_events
/fleet_state_visualizer,/gazebo,topic,/parameter_events
/fleet_state_visualizer,/teleport_dispenser,topic,/parameter_events
/fleet_state_visualizer,/teleport_ingestor,topic,/parameter_events
/fleet_state_visualizer,/readonly,topic,/parameter_events
/fleet_state_visualizer,/caddy_diff_controller,topic,/parameter_events
/fleet_state_visualizer,/slotcar,topic,/parameter_events
/fleet_state_visualizer,/door,topic,/parameter_events
/fleet_state_visualizer,/toggle_floors,topic,/parameter_events
/gazebo,/rmf_traffic_schedule_node,topic,/parameter_events
/gazebo,/rmf_traffic_blockade_node,topic,/parameter_events
/gazebo,/door_supervisor,topic,/parameter_events
/gazebo,/rmf_lift_supervisor,topic,/parameter_events
/gazebo,/tinyRobot_state_aggregator,topic,/parameter_events
/gazebo,/deliveryRobot_fleet_adapter,topic,/parameter_events
/gazebo,/caddy_fleet_adapter,topic,/parameter_events
/gazebo,/cleanerBotE_state_aggregator,topic,/parameter_events
/gazebo,/gazebo,topic,/parameter_events
/gazebo,/teleport_dispenser,topic,/parameter_events
/gazebo,/teleport_ingestor,topic,/parameter_events
/gazebo,/readonly,topic,/parameter_events
/gazebo,/caddy_diff_controller,topic,/parameter_events
/gazebo,/slotcar,topic,/parameter_events
/gazebo,/door,topic,/parameter_events
/gazebo,/toggle_floors,topic,/parameter_events
/api_client,/rmf_traffic_schedule_node,topic,/parameter_events
/api_client,/rmf_traffic_blockade_node,topic,/parameter_events
/api_client,/door_supervisor,topic,/parameter_events
/api_client,/rmf_lift_supervisor,topic,/parameter_events
/api_client,/tinyRobot_state_aggregator,topic,/parameter_events
/api_client,/deliveryRobot_fleet_adapter,topic,/parameter_events
/api_client,/caddy_fleet_adapter,topic,/parameter_events
/api_client,/cleanerBotE_state_aggregator,topic,/parameter_events
/api_client,/gazebo,topic,/parameter_events
/api_client,/teleport_dispenser,topic,/parameter_events
/api_client,/teleport_ingestor,topic,/parameter_events
/api_client,/readonly,topic,/parameter_events
/api_client,/caddy_diff_controller,topic,/parameter_events
/api_client,/slotcar,topic,/parameter_events
/api_client,/door,topic,/parameter_events
/api_client,/toggle_floors,topic,/parameter_events
/teleport_dispenser,/rmf_traffic_schedule_node,topic,/parameter_events
/teleport_dispenser,/rmf_traffic_blockade_node,topic,/parameter_events
/teleport_dispenser,/door_supervisor,topic,/parameter_events
/teleport_dispenser,/rmf_lift_supervisor,topic,/parameter_events
/teleport_dispenser,/tinyRobot_state_aggregator,topic,/parameter_events
/teleport_dispenser,/deliveryRobot_fleet_adapter,topic,/parameter_events
/teleport_dispenser,/caddy_fleet_adapter,topic,/parameter_events
/teleport_dispenser,/cleanerBotE_state_aggregator,topic,/parameter_events
/teleport_dispenser,/gazebo,topic,/parameter_events
/teleport_dispenser,/teleport_dispenser,topic,/parameter_events
/teleport_dispenser,/teleport_ingestor,topic,/parameter_events
/teleport_dispenser,/readonly,topic,/parameter_events
/teleport_dispenser,/caddy_diff_controller,topic,/parameter_events
/teleport_dispenser,/slotcar,topic,/parameter_events
/teleport_dispenser,/door,topic,/parameter_events
/teleport_dispenser,/toggle_floors,topic,/parameter_events
/teleport_ingestor,/rmf_traffic_schedule_node,topic,/parameter_events
/teleport_ingestor,/rmf_traffic_blockade_node,topic,/parameter_events
/teleport_ingestor,/door_supervisor,topic,/parameter_events
/teleport_ingestor,/rmf_lift_supervisor,topic,/parameter_events
/teleport_ingestor,/tinyRobot_state_aggregator,topic,/parameter_events
/teleport_ingestor,/deliveryRobot_fleet_adapter,topic,/parameter_events
/teleport_ingestor,/caddy_fleet_adapter,topic,/parameter_events
/teleport_ingestor,/cleanerBotE_state_aggregator,topic,/parameter_events
/teleport_ingestor,/gazebo,topic,/parameter_events
/teleport_ingestor,/teleport_dispenser,topic,/parameter_events
/teleport_ingestor,/teleport_ingestor,topic,/parameter_events
/teleport_ingestor,/readonly,topic,/parameter_events
/teleport_ingestor,/caddy_diff_controller,topic,/parameter_events
/teleport_ingestor,/slotcar,topic,/parameter_events
/teleport_ingestor,/door,topic,/parameter_events
/teleport_ingestor,/toggle_floors,topic,/parameter_events
/readonly,/rmf_traffic_schedule_node,topic,/parameter_events
/readonly,/rmf_traffic_blockade_node,topic,/parameter_events
/readonly,/door_supervisor,topic,/parameter_events
/readonly,/rmf_lift_supervisor,topic,/parameter_events
/readonly,/tinyRobot_state_aggregator,topic,/parameter_events
/readonly,/deliveryRobot_fleet_adapter,topic,/parameter_events
/readonly,/caddy_fleet_adapter,topic,/parameter_events
/readonly,/cleanerBotE_state_aggregator,topic,/parameter_events
/readonly,/gazebo,topic,/parameter_events
/readonly,/teleport_dispenser,topic,/parameter_events
/readonly,/teleport_ingestor,topic,/parameter_events
/readonly,/readonly,topic,/parameter_events
/readonly,/caddy_diff_controller,topic,/parameter_events
/readonly,/slotcar,topic,/parameter_events
/readonly,/door,topic,/parameter_events
/readonly,/toggle_floors,topic,/parameter_events
/caddy_diff_controller,/rmf_traffic_schedule_node,topic,/parameter_events
/caddy_diff_controller,/rmf_traffic_blockade_node,topic,/parameter_events
/caddy_diff_controller,/door_supervisor,topic,/parameter_events
/caddy_diff_controller,/rmf_lift_supervisor,topic,/parameter_events
/caddy_diff_controller,/tinyRobot_state_aggregator,topic,/parameter_events
/caddy_diff_controller,/deliveryRobot_fleet_adapter,topic,/parameter_events
/caddy_diff_controller,/caddy_fleet_adapter,topic,/parameter_events
/caddy_diff_controller,/cleanerBotE_state_aggregator,topic,/parameter_events
/caddy_diff_controller,/gazebo,topic,/parameter_events
/caddy_diff_controller,/teleport_dispenser,topic,/parameter_events
/caddy_diff_controller,/teleport_ingestor,topic,/parameter_events
/caddy_diff_controller,/readonly,topic,/parameter_events
/caddy_diff_controller,/caddy_diff_controller,topic,/parameter_events
/caddy_diff_controller,/slotcar,topic,/parameter_events
/caddy_diff_controller,/door,topic,/parameter_events
/caddy_diff_controller,/toggle_floors,topic,/parameter_events
/slotcar,/rmf_traffic_schedule_node,topic,/parameter_events
/slotcar,/rmf_traffic_blockade_node,topic,/parameter_events
/slotcar,/door_supervisor,topic,/parameter_events
/slotcar,/rmf_lift_supervisor,topic,/parameter_events
/slotcar,/tinyRobot_state_aggregator,topic,/parameter_events
/slotcar,/deliveryRobot_fleet_adapter,topic,/parameter_events
/slotcar,/caddy_fleet_adapter,topic,/parameter_events
/slotcar,/cleanerBotE_state_aggregator,topic,/parameter_events
/slotcar,/gazebo,topic,/parameter_events
/slotcar,/teleport_dispenser,topic,/parameter_events
/slotcar,/teleport_ingestor,topic,/parameter_events
/slotcar,/readonly,topic,/parameter_events
/slotcar,/caddy_diff_controller,topic,/parameter_events
/slotcar,/slotcar,topic,/parameter_events
/slotcar,/door,topic,/parameter_events
/slotcar,/toggle_floors,topic,/parameter_events
/door,/rmf_traffic_schedule_node,topic,/parameter_events
/door,/rmf_traffic_blockade_node,topic,/parameter_events
/door,/door_supervisor,topic,/parameter_events
/door,/rmf_lift_supervisor,topic,/parameter_events
/door,/tinyRobot_state_aggregator,topic,/parameter_events
/door,/deliveryRobot_fleet_adapter,topic,/parameter_events
/door,/caddy_fleet_adapter,topic,/parameter_events
/door,/cleanerBotE_state_aggregator,topic,/parameter_events
/door,/gazebo,topic,/parameter_events
/door,/teleport_dispenser,topic,/parameter_events
/door,/teleport_ingestor,topic,/parameter_events
/door,/readonly,topic,/parameter_events
/door,/caddy_diff_controller,topic,/parameter_events
/door,/slotcar,topic,/parameter_events
/door,/door,topic,/parameter_events
/door,/toggle_floors,topic,/parameter_events
/toggle_floors,/rmf_traffic_schedule_node,topic,/parameter_events
/toggle_floors,/rmf_traffic_blockade_node,topic,/parameter_events
/toggle_floors,/door_supervisor,topic,/parameter_events
/toggle_floors,/rmf_lift_supervisor,topic,/parameter_events
/toggle_floors,/tinyRobot_state_aggregator,topic,/parameter_events
/toggle_floors,/deliveryRobot_fleet_adapter,topic,/parameter_events
/toggle_floors,/caddy_fleet_adapter,topic,/parameter_events
/toggle_floors,/cleanerBotE_state_aggregator,topic,/parameter_events
/toggle_floors,/gazebo,topic,/parameter_events
/toggle_floors,/teleport_dispenser,topic,/parameter_events
/toggle_floors,/teleport_ingestor,topic,/parameter_events
/toggle_floors,/readonly,topic,/parameter_events
/toggle_floors,/caddy_diff_controller,topic,/parameter_events
/toggle_floors,/slotcar,topic,/parameter_events
/toggle_floors,/door,topic,/parameter_events
/toggle_floors,/toggle_floors,topic,/parameter_events
/task_requester,/rmf_traffic_schedule_node,topic,/parameter_events
/task_requester,/rmf_traffic_blockade_node,topic,/parameter_events
/task_requester,/door_supervisor,topic,/parameter_events
/task_requester,/rmf_lift_supervisor,topic,/parameter_events
/task_requester,/tinyRobot_state_aggregator,topic,/parameter_events
/task_requester,/deliveryRobot_fleet_adapter,topic,/parameter_events
/task_requester,/caddy_fleet_adapter,topic,/parameter_events
/task_requester,/cleanerBotE_state_aggregator,topic,/parameter_events
/task_requester,/gazebo,topic,/parameter_events
/task_requester,/teleport_dispenser,topic,/parameter_events
/task_requester,/teleport_ingestor,topic,/parameter_events
/task_requester,/readonly,topic,/parameter_events
/task_requester,/caddy_diff_controller,topic,/parameter_events
/task_requester,/slotcar,topic,/parameter_events
/task_requester,/door,topic,/parameter_events
/task_requester,/toggle_floors,topic,/parameter_events
/rmf_traffic_schedule_node,/deliveryRobot_fleet_adapter,topic,/rmf_traffic/schedule_inconsistency
/rmf_traffic_schedule_node,/caddy_fleet_adapter,topic,/rmf_traffic/schedule_inconsistency
/deliveryRobot_fleet_adapter,/rmf_traffic_schedule_node,topic,/rmf_traffic/negotiation_rejection
/deliveryRobot_fleet_adapter,/deliveryRobot_fleet_adapter,topic,/rmf_traffic/negotiation_rejection
/deliveryRobot_fleet_adapter,/caddy_fleet_adapter,topic,/rmf_traffic/negotiation_rejection
/caddy_fleet_adapter,/rmf_traffic_schedule_node,topic,/rmf_traffic/negotiation_rejection
/caddy_fleet_adapter,/deliveryRobot_fleet_adapter,topic,/rmf_traffic/negotiation_rejection
/caddy_fleet_adapter,/caddy_fleet_adapter,topic,/rmf_traffic/negotiation_rejection
/deliveryRobot_fleet_adapter,/rmf_traffic_schedule_node,topic,/rmf_traffic/itinerary_erase
/caddy_fleet_adapter,/rmf_traffic_schedule_node,topic,/rmf_traffic/itinerary_erase
/deliveryRobot_fleet_adapter,/rmf_traffic_schedule_node,topic,/rmf_traffic/itinerary_clear
/caddy_fleet_adapter,/rmf_traffic_schedule_node,topic,/rmf_traffic/itinerary_clear
/deliveryRobot_fleet_adapter,None,topic,/rmf_task/dispatch_ack
/deliveryRobot_fleet_adapter,/rmf_traffic_blockade_node,topic,/rmf_traffic/blockade_ready
/readonly,/tinyRobot_state_aggregator,topic,/robot_state
/readonly,/cleanerBotE_state_aggregator,topic,/robot_state
/readonly,/mock_docker,topic,/robot_state
/slotcar,/tinyRobot_state_aggregator,topic,/robot_state
/slotcar,/cleanerBotE_state_aggregator,topic,/robot_state
/slotcar,/mock_docker,topic,/robot_state
None,/rmf_lift_supervisor,topic,/lift_states
None,/building_systems_visualizer,topic,/lift_states
/deliveryRobot_fleet_adapter,/rmf_traffic_schedule_node,topic,/rmf_traffic/itinerary_extend
/caddy_fleet_adapter,/rmf_traffic_schedule_node,topic,/rmf_traffic/itinerary_extend
/deliveryRobot_fleet_adapter,None,topic,/closed_lanes
/deliveryRobot_fleet_adapter,None,topic,/task_summaries
/deliveryRobot_fleet_adapter,/slotcar,topic,/robot_path_requests
/mock_docker,/slotcar,topic,/robot_path_requests
/deliveryRobot_fleet_adapter,/deliveryRobot_fleet_adapter,topic,/rmf_traffic/negotiation_repeat
/deliveryRobot_fleet_adapter,/caddy_fleet_adapter,topic,/rmf_traffic/negotiation_repeat
/caddy_fleet_adapter,/deliveryRobot_fleet_adapter,topic,/rmf_traffic/negotiation_repeat
/caddy_fleet_adapter,/caddy_fleet_adapter,topic,/rmf_traffic/negotiation_repeat
/caddy_diff_controller,None,topic,/odom
/fleet_state_visualizer,None,topic,/fleet_markers
/deliveryRobot_fleet_adapter,/rmf_traffic_schedule_node,topic,/rmf_traffic/negotiation_ack
/caddy_fleet_adapter,/rmf_traffic_schedule_node,topic,/rmf_traffic/negotiation_ack
/deliveryRobot_fleet_adapter,None,topic,/rmf_task/bid_proposal
/rmf_lift_supervisor,/deliveryRobot_fleet_adapter,topic,/fire_alarm_trigger
/door_supervisor,None,topic,/door_supervisor_heartbeat
None,/deliveryRobot_fleet_adapter,topic,/rmf_task/bid_notice
/deliveryRobot_fleet_adapter,/rmf_traffic_blockade_node,topic,/rmf_traffic/blockade_release
/deliveryRobot_fleet_adapter,/rmf_traffic_schedule_node,topic,/rmf_traffic/itinerary_delay
/caddy_fleet_adapter,/rmf_traffic_schedule_node,topic,/rmf_traffic/itinerary_delay
/gazebo,None,topic,/performance_metrics
None,/building_systems_visualizer,topic,/rmf_visualization/parameter
None,/fleet_state_visualizer,topic,/rmf_visualization/parameter
/door,/door_supervisor,topic,/door_states
/door,/building_systems_visualizer,topic,/door_states
/deliveryRobot_fleet_adapter,/teleport_ingestor,topic,/ingestor_requests
/deliveryRobot_fleet_adapter,/rmf_traffic_blockade_node,topic,/rmf_traffic/blockade_cancel
/deliveryRobot_fleet_adapter,/rmf_traffic_blockade_node,topic,/rmf_traffic/blockade_reached
None,/caddy_diff_controller,topic,/cmd_vel
/caddy_diff_controller,None,topic,/tf
/slotcar,None,topic,/tf
/rmf_traffic_schedule_node,/deliveryRobot_fleet_adapter,topic,/rmf_traffic/participants
/rmf_traffic_schedule_node,/caddy_fleet_adapter,topic,/rmf_traffic/participants
/door_supervisor,/door,topic,/door_requests
/building_map_server,/building_systems_visualizer,topic,/map
/building_map_server,/fleet_state_visualizer,topic,/map
/building_map_server,/readonly,topic,/map
/building_map_server,/slotcar,topic,/map
/teleport_dispenser,None,topic,/dispenser_states
/tinyRobot_state_aggregator,/caddy_fleet_adapter,topic,/fleet_states
/tinyRobot_state_aggregator,/deliveryRobot_fleet_adapter,topic,/fleet_states
/tinyRobot_state_aggregator,/fleet_state_visualizer,topic,/fleet_states
/tinyRobot_state_aggregator,/api_client,topic,/fleet_states
/tinyRobot_state_aggregator,/teleport_dispenser,topic,/fleet_states
/tinyRobot_state_aggregator,/teleport_ingestor,topic,/fleet_states
/tinyRobot_state_aggregator,/toggle_floors,topic,/fleet_states
/deliveryRobot_fleet_adapter,/caddy_fleet_adapter,topic,/fleet_states
/deliveryRobot_fleet_adapter,/deliveryRobot_fleet_adapter,topic,/fleet_states
/deliveryRobot_fleet_adapter,/fleet_state_visualizer,topic,/fleet_states
/deliveryRobot_fleet_adapter,/api_client,topic,/fleet_states
/deliveryRobot_fleet_adapter,/teleport_dispenser,topic,/fleet_states
/deliveryRobot_fleet_adapter,/teleport_ingestor,topic,/fleet_states
/deliveryRobot_fleet_adapter,/toggle_floors,topic,/fleet_states
/cleanerBotE_state_aggregator,/caddy_fleet_adapter,topic,/fleet_states
/cleanerBotE_state_aggregator,/deliveryRobot_fleet_adapter,topic,/fleet_states
/cleanerBotE_state_aggregator,/fleet_state_visualizer,topic,/fleet_states
/cleanerBotE_state_aggregator,/api_client,topic,/fleet_states
/cleanerBotE_state_aggregator,/teleport_dispenser,topic,/fleet_states
/cleanerBotE_state_aggregator,/teleport_ingestor,topic,/fleet_states
/cleanerBotE_state_aggregator,/toggle_floors,topic,/fleet_states
/mock_docker,/deliveryRobot_fleet_adapter,topic,/dock_summary
None,/deliveryRobot_fleet_adapter,topic,/rmf_task/dispatch_request
None,/deliveryRobot_fleet_adapter,topic,/lane_closure_requests
/deliveryRobot_fleet_adapter,/rmf_traffic_schedule_node,topic,/rmf_traffic/request_changes
/caddy_fleet_adapter,/rmf_traffic_schedule_node,topic,/rmf_traffic/request_changes
/rmf_traffic_schedule_node,/deliveryRobot_fleet_adapter,topic,/rmf_traffic/negotiation_conclusion
/rmf_traffic_schedule_node,/caddy_fleet_adapter,topic,/rmf_traffic/negotiation_conclusion
/deliveryRobot_fleet_adapter,/rmf_traffic_schedule_node,topic,/rmf_traffic/negotiation_refusal
/caddy_fleet_adapter,/rmf_traffic_schedule_node,topic,/rmf_traffic/negotiation_refusal
/building_systems_visualizer,None,topic,/building_systems_markers
/rmf_traffic_blockade_node,/deliveryRobot_fleet_adapter,topic,/rmf_traffic/blockade_heartbeat
/deliveryRobot_fleet_adapter,/rmf_traffic_schedule_node,topic,/rmf_traffic/negotiation_proposal
/deliveryRobot_fleet_adapter,/deliveryRobot_fleet_adapter,topic,/rmf_traffic/negotiation_proposal
/deliveryRobot_fleet_adapter,/caddy_fleet_adapter,topic,/rmf_traffic/negotiation_proposal
/caddy_fleet_adapter,/rmf_traffic_schedule_node,topic,/rmf_traffic/negotiation_proposal
/caddy_fleet_adapter,/deliveryRobot_fleet_adapter,topic,/rmf_traffic/negotiation_proposal
/caddy_fleet_adapter,/caddy_fleet_adapter,topic,/rmf_traffic/negotiation_proposal
/deliveryRobot_fleet_adapter,/rmf_lift_supervisor,topic,/adapter_lift_requests
/deliveryRobot_fleet_adapter,/mock_docker,topic,/robot_mode_requests
/deliveryRobot_fleet_adapter,/slotcar,topic,/robot_mode_requests
/mock_docker,/mock_docker,topic,/robot_mode_requests
/mock_docker,/slotcar,topic,/robot_mode_requests
/gazebo,None,service,/gazebo/set_parameters_atomically
/door_supervisor,None,service,/door_supervisor/get_parameter_types
/rmf_traffic_blockade_node,None,service,/rmf_traffic_blockade_node/describe_parameters
/gazebo,None,service,/get_model_list
/gazebo,None,service,/gazebo/describe_parameters
/door,None,service,/door/get_parameters
/cleanerBotE_state_aggregator,None,service,/cleanerBotE_state_aggregator/list_parameters
/fleet_state_visualizer,None,service,/fleet_state_visualizer/list_parameters
/teleport_ingestor,None,service,/teleport_ingestor/get_parameters
/door_supervisor,None,service,/door_supervisor/describe_parameters
/caddy_fleet_adapter,None,service,/caddy_fleet_adapter/set_parameters_atomically
/door_supervisor,None,service,/door_supervisor/set_parameters
/tinyRobot_state_aggregator,None,service,/tinyRobot_state_aggregator/set_parameters
/building_map_server,None,service,/get_building_map
/mock_docker,None,service,/mock_docker/set_parameters_atomically
/rmf_traffic_schedule_node,/deliveryRobot_fleet_adapter,service,/rmf_traffic/register_participant
/rmf_traffic_schedule_node,/caddy_fleet_adapter,service,/rmf_traffic/register_participant
/deliveryRobot_fleet_adapter,None,service,/deliveryRobot_fleet_adapter/get_parameter_types
/api_client,None,service,/api_client/get_parameters
/deliveryRobot_fleet_adapter,None,service,/deliveryRobot_fleet_adapter/set_parameters
/gazebo,None,service,/unpause_physics
/building_map_server,None,service,/building_map_server/set_parameters
/gazebo,None,service,/gazebo/get_parameters
/task_requester,None,service,/task_requester/set_parameters
/fleet_state_visualizer,None,service,/fleet_state_visualizer/get_parameters
/rmf_traffic_schedule_node,None,service,/rmf_traffic_schedule_node/list_parameters
/door,None,service,/door/get_parameter_types
/door_supervisor,None,service,/door_supervisor/get_parameters
/readonly,None,service,/readonly/set_parameters
/rmf_traffic_schedule_node,None,service,/rmf_traffic_schedule_node/get_parameter_types
/teleport_ingestor,None,service,/teleport_ingestor/describe_parameters
/tinyRobot_state_aggregator,None,service,/tinyRobot_state_aggregator/describe_parameters
/caddy_diff_controller,None,service,/caddy_diff_controller/get_parameter_types
/building_systems_visualizer,None,service,/building_systems_visualizer/get_parameters
/rmf_traffic_schedule_node,/deliveryRobot_fleet_adapter,service,/rmf_traffic/register_query
/rmf_traffic_schedule_node,/caddy_fleet_adapter,service,/rmf_traffic/register_query
/rmf_traffic_schedule_node,None,service,/rmf_traffic_schedule_node/set_parameters_atomically
/building_systems_visualizer,None,service,/building_systems_visualizer/set_parameters
/rmf_traffic_blockade_node,None,service,/rmf_traffic_blockade_node/list_parameters
/building_systems_visualizer,None,service,/building_systems_visualizer/get_parameter_types
/deliveryRobot_fleet_adapter,None,service,/deliveryRobot_fleet_adapter/set_parameters_atomically
/rmf_traffic_blockade_node,None,service,/rmf_traffic_blockade_node/get_parameters
/building_systems_visualizer,None,service,/building_systems_visualizer/set_parameters_atomically
/caddy_diff_controller,None,service,/caddy_diff_controller/set_parameters
/rmf_traffic_schedule_node,None,service,/rmf_traffic_schedule_node/get_parameters
None,/api_client,service,/cancel_task
/building_systems_visualizer,None,service,/building_systems_visualizer/describe_parameters
/teleport_dispenser,None,service,/teleport_dispenser/get_parameter_types
/toggle_floors,None,service,/toggle_floors/list_parameters
/caddy_fleet_adapter,None,service,/caddy_fleet_adapter/describe_parameters
/mock_docker,None,service,/mock_docker/list_parameters
/caddy_fleet_adapter,None,service,/caddy_fleet_adapter/get_parameters
/gazebo,None,service,/pause_physics
/slotcar,None,service,/slotcar/list_parameters
/rmf_lift_supervisor,None,service,/rmf_lift_supervisor/set_parameters
/teleport_ingestor,None,service,/teleport_ingestor/list_parameters
/rmf_traffic_blockade_node,None,service,/rmf_traffic_blockade_node/set_parameters
/building_map_server,None,service,/building_map_server/describe_parameters
/fleet_state_visualizer,None,service,/fleet_state_visualizer/describe_parameters
/gazebo,None,service,/delete_entity
/teleport_ingestor,None,service,/teleport_ingestor/set_parameters_atomically
/deliveryRobot_fleet_adapter,None,service,/deliveryRobot_fleet_adapter/list_parameters
/building_map_server,None,service,/building_map_server/list_parameters
/tinyRobot_state_aggregator,None,service,/tinyRobot_state_aggregator/get_parameters
/fleet_state_visualizer,None,service,/fleet_state_visualizer/set_parameters
/teleport_dispenser,None,service,/teleport_dispenser/get_parameters
/deliveryRobot_fleet_adapter,None,service,/deliveryRobot_fleet_adapter/get_parameters
/mock_docker,None,service,/mock_docker/get_parameters
/api_client,None,service,/api_client/set_parameters_atomically
/rmf_lift_supervisor,None,service,/rmf_lift_supervisor/describe_parameters
/tinyRobot_state_aggregator,None,service,/tinyRobot_state_aggregator/list_parameters
/api_client,None,service,/api_client/set_parameters
/toggle_floors,None,service,/toggle_floors/set_parameters
/teleport_dispenser,None,service,/teleport_dispenser/set_parameters_atomically
/door_supervisor,None,service,/door_supervisor/list_parameters
/tinyRobot_state_aggregator,None,service,/tinyRobot_state_aggregator/set_parameters_atomically
/mock_docker,None,service,/mock_docker/set_parameters
/readonly,None,service,/readonly/list_parameters
/fleet_state_visualizer,None,service,/fleet_state_visualizer/get_parameter_types
/toggle_floors,None,service,/toggle_floors/describe_parameters
/readonly,None,service,/readonly/get_parameter_types
/api_client,None,service,/api_client/get_parameter_types
/toggle_floors,None,service,/toggle_floors/set_parameters_atomically
/rmf_traffic_schedule_node,/deliveryRobot_fleet_adapter,service,/rmf_traffic/unregister_query
/rmf_traffic_schedule_node,/caddy_fleet_adapter,service,/rmf_traffic/unregister_query
/task_requester,None,service,/task_requester/set_parameters_atomically
/building_map_server,None,service,/building_map_server/get_parameters
/rmf_lift_supervisor,None,service,/rmf_lift_supervisor/get_parameters
/teleport_dispenser,None,service,/teleport_dispenser/set_parameters
/rmf_traffic_blockade_node,None,service,/rmf_traffic_blockade_node/get_parameter_types
/teleport_ingestor,None,service,/teleport_ingestor/set_parameters
/slotcar,None,service,/slotcar/describe_parameters
/gazebo,None,service,/gazebo/get_parameter_types
/api_client,None,service,/api_client/describe_parameters
/api_client,None,service,/api_client/list_parameters
/door,None,service,/door/set_parameters_atomically
/task_requester,None,service,/task_requester/list_parameters
/teleport_dispenser,None,service,/teleport_dispenser/describe_parameters
/caddy_diff_controller,None,service,/caddy_diff_controller/get_parameters
/cleanerBotE_state_aggregator,None,service,/cleanerBotE_state_aggregator/describe_parameters
/cleanerBotE_state_aggregator,None,service,/cleanerBotE_state_aggregator/get_parameter_types
/deliveryRobot_fleet_adapter,None,service,/deliveryRobot_fleet_adapter/describe_parameters
/gazebo,None,service,/reset_simulation
/building_systems_visualizer,None,service,/building_systems_visualizer/list_parameters
/tinyRobot_state_aggregator,None,service,/tinyRobot_state_aggregator/get_parameter_types
/door,None,service,/door/set_parameters
/gazebo,None,service,/gazebo/list_parameters
/rmf_traffic_schedule_node,/deliveryRobot_fleet_adapter,service,/rmf_traffic/unregister_participant
/rmf_traffic_schedule_node,/caddy_fleet_adapter,service,/rmf_traffic/unregister_participant
/slotcar,None,service,/slotcar/set_parameters_atomically
/caddy_fleet_adapter,None,service,/caddy_fleet_adapter/list_parameters
/task_requester,None,service,/task_requester/describe_parameters
/toggle_floors,None,service,/toggle_floors/get_parameters
/slotcar,None,service,/slotcar/get_parameter_types
/rmf_traffic_schedule_node,None,service,/rmf_traffic_schedule_node/set_parameters
/rmf_traffic_schedule_node,None,service,/rmf_traffic_schedule_node/describe_parameters
/slotcar,None,service,/slotcar/set_parameters
/cleanerBotE_state_aggregator,None,service,/cleanerBotE_state_aggregator/set_parameters_atomically
/caddy_fleet_adapter,None,service,/caddy_fleet_adapter/set_parameters
/door,None,service,/door/list_parameters
/caddy_diff_controller,None,service,/caddy_diff_controller/describe_parameters
/rmf_lift_supervisor,None,service,/rmf_lift_supervisor/set_parameters_atomically
/readonly,None,service,/readonly/set_parameters_atomically
/fleet_state_visualizer,None,service,/fleet_state_visualizer/set_parameters_atomically
/door,None,service,/door/describe_parameters
/door_supervisor,None,service,/door_supervisor/set_parameters_atomically
/mock_docker,None,service,/mock_docker/get_parameter_types
/task_requester,None,service,/task_requester/get_parameter_types
/teleport_ingestor,None,service,/teleport_ingestor/get_parameter_types
/readonly,None,service,/readonly/describe_parameters
/caddy_diff_controller,None,service,/caddy_diff_controller/set_parameters_atomically
/toggle_floors,None,service,/toggle_floors/get_parameter_types
/cleanerBotE_state_aggregator,None,service,/cleanerBotE_state_aggregator/get_parameters
/teleport_dispenser,None,service,/teleport_dispenser/list_parameters
/slotcar,None,service,/slotcar/get_parameters
/building_map_server,None,service,/building_map_server/get_parameter_types
/gazebo,None,service,/gazebo/set_parameters
/task_requester,None,service,/task_requester/get_parameters
/gazebo,None,service,/reset_world
None,/api_client,service,/submit_task
None,/task_requester,service,/submit_task
/rmf_traffic_blockade_node,None,service,/rmf_traffic_blockade_node/set_parameters_atomically
None,/api_client,service,/get_tasks
/caddy_diff_controller,None,service,/caddy_diff_controller/list_parameters
/building_map_server,None,service,/building_map_server/set_parameters_atomically
/gazebo,None,service,/spawn_entity
/caddy_fleet_adapter,None,service,/caddy_fleet_adapter/get_parameter_types
/rmf_lift_supervisor,None,service,/rmf_lift_supervisor/list_parameters
/rmf_lift_supervisor,None,service,/rmf_lift_supervisor/get_parameter_types
/mock_docker,None,service,/mock_docker/describe_parameters
/cleanerBotE_state_aggregator,None,service,/cleanerBotE_state_aggregator/set_parameters
/readonly,None,service,/readonly/get_parameters
